fid,nombre_sitio,categoria,descripcion,estado,agua,asientos,experiencia_uso,longitud,latitud
1,pinpon_kruppstrasse,Pingpong,"Disfruta de una partida de ping-pong en esta mesa situada en un entorno urbano privilegiado. La instalación se encuentra sobre un suelo uniforme de baldosas de cemento dentro de un moderno parque infantil rodeado de edificios, lo que ayuda a cortar el viento y garantiza una mayor estabilidad durante el juego. La mesa cuenta con una superficie plana de acabado ligeramente rugoso y una red metálica rígida de alta durabilidad. Para mayor comodidad, dispone de un banco perfectamente ubicado para descansar o dejar pertenencias, papeleras cercanas y zonas de césped próximas para relajarse. Al estar ubicada en una zona residencial, se ruega mantener un ambiente respetuoso con los vecinos.",1,1,1,4,6.07369123610474,50.7822878890348
2,pinpon_kurpark,Pingpong,"Mesa de ping-pong de piedra rugosa con bordes y red de malla metálica, situada sobre una plataforma uniforme de cemento. La instalación conserva las líneas de juego marcadas y se encuentra dentro de un parque infantil vallado, muy cerca de uno de los accesos principales. Su ubicación estratégica ofrece cierta protección contra el viento y cuenta con un pequeño banco de metal justo enfrente para mayor comodidad de los usuarios.",1,0,1,3,6.09764091304876,50.7821680254728
3,futbol_kupark,Futbol,"Pista polideportiva de estilo fútbol sala ubicada en el corazón de un parque rodeado de árboles. El recinto destaca por su amplitud y por estar completamente vallado, reforzando la seguridad especialmente detrás de las porterías. Estas cuentan con una estructura de barras metálicas cerradas en lugar de redes convencionales. Aunque el terreno de juego es de tierra y grava, la instalación está bien equipada con papeleras, un banco y un espacio adicional tras una de las porterías ideal para realizar otras actividades físicas dentro del mismo recinto vallado.",1,0,1,4,6.09546327913262,50.7839570939312
4,esgrima_kupark,Esgrima,"Pista polivalente de suelo de baldosa, diseñada originalmente para la práctica de esgrima pero utilizada principalmente para patinaje y juegos recreativos. El recinto cuenta con un vallado perimetral de medio metro de altura con una abertura para el acceso y está rodeado casi en su totalidad por zonas ajardinadas. La instalación dispone de dos bancos y una papelera para los usuarios. Cabe destacar que el terreno presenta algunas irregularidades y baldosas levantadas debido al crecimiento de la vegetación, por lo que se recomienda precaución al circular con ruedas.",1,0,1,4,6.09324076189977,50.7835785473966
5,patinaje_kurpark,Patinaje,"Pista polivalente de suelo de baldosa, diseñada originalmente para la práctica de esgrima pero utilizada principalmente para patinaje y juegos recreativos. El recinto cuenta con un vallado perimetral de medio metro de altura con una abertura para el acceso y está rodeado casi en su totalidad por zonas ajardinadas. La instalación dispone de dos bancos y una papelera para los usuarios. Cabe destacar que el terreno presenta algunas irregularidades y baldosas levantadas debido al crecimiento de la vegetación, por lo que se recomienda precaución al circular con ruedas.",1,0,1,3,6.09330996178906,50.7835815131061
6,pingpon2_kupark,Pingpong,"Área de ping-pong compuesta por varias mesas situadas en un entorno agradable y tranquilo, alejado de las zonas de juegos infantiles. Las mesas se asientan sobre una base de cemento desgastada que se funde con tramos de tierra, creando un terreno irregular con presencia de algunos escalones. Aunque el recinto dispone de papeleras y bancos laterales, estos últimos se encuentran algo alejados, por lo que no resultan prácticos para vigilar el juego o depositar pertenencias mientras se practica el deporte. Al estar ubicado en una zona abierta del parque, la instalación es propensa a las corrientes de aire, factor a tener en cuenta para el desarrollo de las partidas.",2,0,1,3,6.09520787360785,50.7849675545058
7,minigolf_kupark,Minigolf,"Este campo de minigolf se encuentra integrado dentro del parque y ofrece un recorrido de 17 hoyos numerados en orden. Aunque las instalaciones presentan un aspecto algo descuidado o abandonado, el circuito sigue siendo funcional. El servicio de alquiler de material suele gestionarse en un quiosco cercano donde también se sirven bebidas, aunque es posible utilizar las pistas incluso cuando este se encuentra cerrado si se dispone de equipo propio. Se recomienda consultar su página web para obtener información actualizada sobre horarios y servicios.",1,0,1,5,6.09500929500342,50.7813766526062
8,volleyball_westpark,Volleyball,"Instalación compuesta por dos campos de voleibol situados en un entorno natural privilegiado, rodeados de árboles que proporcionan sombra durante gran parte del día. El terreno de juego es de tierra, variando su firmeza según la humedad del clima, mientras que el resto del área se mantiene verde y arbolada. Uno de los campos cuenta con una delimitación de ladrillos incrustados, aunque algunos tramos están cubiertos por el césped. Las redes son funcionales, aunque requieren ajustes manuales para una tensión óptima. Al no disponer de bancos, el descanso se realiza en el propio suelo o en una pequeña colina adyacente. Es un espacio ideal para partidas recreativas entre amigos, aunque su superficie de tierra no es la más recomendable para un juego competitivo que requiera lanzarse al suelo.",2,0,0,3,6.06645227146617,50.7713383690608
9,futbol_westpark,Futbol,"Pista de fútbol sala situada en un entorno natural rodeado de árboles, lo que garantiza sombra en gran parte del recinto. La instalación está equipada con porterías de hierro y redes de barrotes metálicos, todo dentro de un perímetro completamente vallado con protecciones altas tras las porterías. El terreno de juego, de dimensiones bien delimitadas por ladrillos incrustados y una valla baja, es de tierra compacta; esta superficie evita el polvo cuando hay humedad ambiental, aunque puede presentar charcos tras lluvias intensas. El recinto dispone de un banco y una papelera, siendo el espacio apto para partidos de cierta intensidad, teniendo en cuenta que el suelo es abrasivo. Su diseño cerrado facilita que el balón no se aleje de la zona de juego.",1,0,1,4,6.06639350453512,50.7716445041452
10,pumptrack_westpark,Patinaje,"Circuito de pumptrack de reciente construcción y en excelente estado de conservación. La pista cuenta con una superficie de material abrasivo de alta calidad que garantiza un agarre óptimo, ideal tanto para niños como para usuarios con mayor experiencia que busquen aprovechar la inclinación de sus curvas y sus pequeñas rampas de acceso. El circuito está ubicado en una zona abierta y soleada, rodeado completamente de áreas de césped. Aunque el diseño de la pista no permite sentarse en los bordes ni utilizarse como un skatepark tradicional, el entorno dispone de bancos y papeleras en las inmediaciones, donde es posible encontrar zonas de sombra dependiendo de la hora del día. Una instalación nueva, compacta y técnica perfecta para disfrutar del deporte al aire libre.",1,0,1,5,6.06619343299023,50.7722599809291
11,pinpon3_westpark,Pingpong,"Instalación de alta calidad compuesta por tres mesas de ping-pong situadas en un entorno privilegiado entre árboles en Aachen. Cada mesa dispone de su propio banco individual, lo que crea zonas independientes ideales para descansar, escuchar música o socializar mientras se espera el turno de juego. Las mesas presentan una superficie lisa, perfectamente pintada y con las líneas reglamentarias, además de contar con redes metálicas rígidas y esquinas de piedra reforzadas. El área de juego está delimitada por ladrillo y cuenta con suelo de baldosa uniforme para garantizar estabilidad. Aunque la ubicación entre el arbolado ofrece cierta protección contra el viento, la zona es algo susceptible a las corrientes de aire. Es un espacio con un ambiente excelente, equipado con papeleras y diseñado para ofrecer una experiencia deportiva y relajada.",1,0,1,5,6.06778215330329,50.7711569209549
12,baloncesto_westpark,Baloncesto,"Cancha de baloncesto exterior situada en un entorno abierto y arbolado, ideal para quienes buscan un espacio con sombra natural. La pista cuenta con una superficie de cemento de calidad aceptable y textura ligeramente rugosa, donde aún se distinguen las líneas de juego, incluyendo la línea de tres puntos. Las canastas son de estilo robusto y urbano, fabricadas íntegramente en hierro, incluyendo redes metálicas de alta resistencia. Al carecer de vallado perimetral, el balón puede salir de la zona de juego con frecuencia. Aunque no dispone de bancos directamente en la pista, el recinto se encuentra junto a una colina de gran inclinación, perfecta para descansar y relajarse tras la actividad. Una instalación con carácter, ideal para partidos informales o practicar lanzamientos.",2,0,0,3,6.06722544579148,50.7722555338507
13,pinpon1_westpark,Pingpong,"Mesa de ping-pong funcional equipada con dos bancos contiguos y una papelera. La superficie es más rugosa y presenta más suciedad que otras mesas de la zona, como las de Westpark, pero se mantiene en buen estado para el juego. Cuenta con la red metálica rígida estándar y está situada sobre un suelo de baldosa regular. La instalación se encuentra en un entorno arbolado que suele ofrecer sombra, aunque es propensa a las corrientes de aire. Al estar ubicada junto a una cancha de baloncesto sin separación física, es posible que el juego se vea interrumpido ocasionalmente por balones provenientes de la pista contigua. Una opción práctica si se prioriza la funcionalidad sobre la estética.",1,0,1,4,6.06734881116467,50.7724116000096
14,calistenia_melaten,Calistenia,"Área de calistenia equipada con barras básicas estándar en buen estado de conservación. A diferencia de los parques de entrenamiento completo, esta instalación se centra en ofrecer los elementos fundamentales para ejercicios de fuerza y peso corporal. Destaca por contar con un suelo de goma de seguridad para amortiguar impactos y por estar situada en un recinto a cubierto, lo que permite entrenar cómodamente sin depender de las condiciones climáticas. Una opción práctica y funcional para rutinas de entrenamiento esenciales.",1,0,0,2,6.04511410828534,50.7866760173667
15,atletismo_koenigshuegel,Atletismo,"Pista circular de atletismo con superficie de tierra compacta, apta para el running diario pero no recomendada para el uso de zapatillas de clavos. Se trata de un recorrido bastante ancho que, aunque carece de calles delimitadas, se mantiene siempre despejado para los corredores a pesar de la gran afluencia de gente en el parque. La pista cuenta con zonas de sombra y sol alternas según el tramo y la hora del día. En sus inmediaciones se encuentran instalaciones de calistenia, así como redes de voleibol y campos de fútbol (estos últimos bajo reserva o pago). Aunque no dispone de bancos, los usuarios suelen descansar en las amplias zonas de césped circundantes. Como valor añadido, el recinto ofrece acceso gratuito a fuentes de agua, baños y vestuarios públicos situados muy cerca del recorrido.",1,1,1,4,6.06973755561582,50.7785348161845
16,pinpon_ruetscher,Pingpong,"Mesa de ping-pong ubicada en un entorno agradable dentro de una calle pintoresca y un parque infantil. Esta mesa destaca por tener una altura inferior a la habitual, lo que la hace accesible para diferentes edades. Aunque está rodeada de amplias zonas verdes, la superficie inmediata de juego es de tierra y presenta un relieve algo desigual. La instalación se encuentra mayoritariamente expuesta al sol, excepto durante las últimas horas de la tarde, cuando comienza a haber sombra. Cuenta con bancos en las proximidades, aunque se sitúan a cierta distancia del área de juego.",1,0,0,2,6.07396094329527,50.7856693633992
17,pinpon2_ruetscher,Pingpong,"Mesa de ping-pong de buena calidad situada en un entorno muy agradable y rodeado de árboles, lo que garantiza sombra constante durante el día. La instalación se encuentra sobre un suelo de baldosas en buen estado, ofreciendo una superficie de juego estable y cómoda. Aunque no es el modelo más reciente, la mesa está bien conservada y es totalmente funcional. Gracias a su ubicación protegida, tanto el sol directo como el viento no suelen suponer un inconveniente para la práctica deportiva. El espacio está equipado con dos bancos y una papelera situados justo al lado de la zona de juego.",1,1,1,4,6.07294328694977,50.786878732912
18,calistenia_lousberg,Calistenia,"Área de calistenia situada en el perímetro del parque, lo que permite un acceso rápido sin necesidad de adentrarse en el mismo. La instalación se encuentra en muy buen estado y cuenta con un suelo de goma amortiguador delimitado por losas de piedra. Un punto destacado es su armario de material deportivo de uso libre y gratuito, disponible mediante registro previo. El equipamiento permite realizar ejercicios de abdominales, fondos y movimientos básicos, contando además con algunas barras con espacio suficiente para otros ejercicios. La zona está expuesta al sol durante casi todo el día y carece de sombras, lo que la convierte en un punto ideal para entrenar al aire libre en un entorno totalmente equipado.",1,0,1,5,6.07123053671894,50.7884552859036
19,volleyball_lousberg,Volleyball,"Pista de voleibol situada justo en la entrada principal del parque desde las torres. Se trata de una instalación sencilla ubicada en un entorno de césped, aunque el terreno de juego propiamente dicho es de tierra seca e irregular con presencia de piedras. Debido a la naturaleza del suelo, el campo se vuelve impracticable en días de lluvia, transformándose en una zona embarrada. La red, pese a su antigüedad, se mantiene en condiciones aceptables para un uso recreativo ocasional. El área carece de líneas delimitadoras y se encuentra totalmente expuesta al sol, aunque el césped circundante ofrece un buen espacio para sentarse y descansar. Es una opción adecuada para pasar el rato de manera informal, pero no para un juego técnico o exigente.",2,0,0,2,6.07103063951729,50.7886013635699
20,futbol11_lousberg,Futbol,"Campo de fútbol 11 de césped natural ubicado en una amplia llanura verde de uso polivalente. La instalación consta de dos porterías reglamentarias sin redes situadas en un terreno que, debido a su naturaleza, presenta algunas irregularidades y bultos, careciendo de líneas de juego delimitadas. Una de las porterías cuenta con una valla trasera que facilita la recuperación del balón, mientras que la otra destaca por conservar mejor el césped en el área de meta, zona que suele estar más desgastada. Es un espacio ideal para practicar tiros a puerta, ejercicios de puntería o cualquier actividad deportiva que requiera de una gran superficie despejada, siempre teniendo en cuenta que la irregularidad del suelo no es óptima para que el portero realice estiradas.",1,0,0,3,6.07070898775199,50.7889476826246
21,pinpon_lousberg,Pingpong,"Mesa de ping-pong de superficie lisa, bien pintada y en excelente estado de conservación, situada sobre un suelo amplio y uniforme de baldosas. La instalación se encuentra en el interior del parque, por lo que requiere caminar un poco para llegar, pero a cambio ofrece sombra casi permanente durante todo el día. Aunque la calidad para el juego es alta, el área carece de mobiliario inmediato; el banco y la papelera más cercanos se encuentran al otro lado del camino, lo que dificulta dejar las pertenencias o esperar turno cerca de la mesa. Es un spot ideal para jugar sin molestias del sol, aunque conviene tener en cuenta que es una zona donde suele correr el aire.",1,0,0,4,6.08304186441082,50.7859903440055
22,ajedrez_lousberg,Ajedrez,"Mesa de ajedrez equipada con cuatro asientos, ideal para partidas individuales o para disfrutar del entorno en grupo. La instalación se encuentra en una ubicación privilegiada dentro del parque, ofreciendo buenas vistas y un ambiente agradable. Se sitúa a una distancia prudencial de las áreas de juegos infantiles, lo que permite disfrutar de cierta tranquilidad sin alejarse demasiado de los servicios principales. Un punto de encuentro perfecto para aficionados al ajedrez que busquen un espacio cómodo y con encanto.",1,0,1,4,6.08420422306332,50.7857772891677
23,molino_lousberg,Otro,"Mesa de exterior con capacidad para cuatro personas, configurada con asientos enfrentados que facilitan la interacción grupal o los juegos por parejas. La instalación se encuentra en una ubicación muy expuesta a las corrientes de aire, lo que genera una sensación térmica baja y requiere vestimenta de abrigo para estancias prolongadas. Aunque el mobiliario es funcional para reuniones sociales, la zona carece de protección contra el viento, por lo que para actividades más relajadas suelen ser preferibles las áreas de césped soleadas del parque. Un punto de encuentro práctico pero condicionado por la climatología local.",1,0,1,3,6.08426531579309,50.7857673471323
24,pinpon_laurensberg,Pingpong,"Mesa de ping-pong ubicada en el centro de un pequeño parque con encanto, situado en una zona residencial tranquila. La instalación cuenta con un suelo de cemento uniforme que proporciona una base sólida para el juego. La mesa presenta una superficie de material rugoso y tiene las líneas de delimitación parcialmente desgastadas por el uso. El área carece de mobiliario urbano inmediato, como bancos o soportes, por lo que no dispone de espacios específicos para sentarse o depositar pertenencias junto a la zona de juego.",1,0,0,3,6.06564803103723,50.7937590532876
25,calistenia_laurensberg,Calistenia,"Área de calistenia equipada con elementos básicos para el entrenamiento de fuerza, como barras para fondos y estructuras para abdominales. El recinto cuenta con un suelo de goma amortiguador delimitado por losas de piedra, lo que garantiza una superficie segura y estable. A diferencia de otras instalaciones similares, este punto no dispone de armario para material deportivo, pero ofrece la ventaja de contar con mayor sombra natural debido a su ubicación. El espacio es funcional y está integrado en un parque agradable que dispone de bancos para descansar y papelera. Una opción sencilla y completa para rutinas de ejercicios de peso corporal.",1,0,1,4,6.06540279150232,50.7936460320804
26,baloncesto_moltkepark,Baloncesto,"Campo de baloncesto considerado uno de los mejores de la ciudad, con una superficie de goma dura en excelente estado de conservación. Las canastas, de estética urbana, cuentan con redes metálicas y están equipadas con vallas traseras que facilitan el rebote y evitan que el balón se aleje, permitiendo un juego fluido. La pista destaca por su valor visual, con grafitis de gran calidad tras los asientos que le confieren un estilo único. En cuanto al mobiliario, dispone de dos bancos centrales a modo de banquillo y apoyos adicionales junto a una de las canastas. Ubicado en un barrio agradable, el campo ofrece un equilibrio óptimo entre luz natural y sombra, consolidándose como una instalación deportiva de referencia tanto por funcionalidad como por estética.",1,0,1,5,6.10388544890594,50.7674430577998
27,futbol_moltkepark,Futbol,"Pista polideportiva de estética excepcional ubicada junto al Musikbunker e integrada con la imponente estructura de piedra del búnker, el recinto está perimetrado por una valla alta y utiliza el muro de la construcción, de hasta 20 metros de altura, como límite lateral, esta pared presenta grafitis artísticos y un saliente que funciona como grada corrida a diferentes niveles. La pista dispone de un suelo de goma dura en óptimas condiciones, líneas delimitadas y porterías de hierro robustas con redes metálicas tipo jaula, aunque algunos árboles sobresalen por la parte superior la visibilidad es excelente, recibiendo sol por la mañana y sombra proyectada por el búnker por la tarde en una instalación que combina funcionalidad deportiva con un entorno visual inmejorable.",1,0,1,5,6.10351055186876,50.7674085524407
28,pinpon_breslauer,Pingpong,"Mesa de ping-pong de superficie bastante lisa pero con un aspecto estético algo desgastado, situada sobre un suelo regular dentro de una zona verde de un parque. La instalación se encuentra permanentemente a la sombra y carece de mobiliario cercano, como bancos o soportes, para sentarse o depositar pertenencias durante el juego. Aunque el entorno cuenta con vegetación, la ubicación no destaca visualmente ni ofrece servicios adicionales, siendo un espacio funcional pero básico para la práctica deportiva.",2,0,0,2,6.11825132620225,50.7782361726375
29,futbol_breslauer,Futbol,"Campo de fútbol 7 de grava y tierra ubicado en una zona de secano dentro de un parque de carácter rústico próximo a la carretera. La instalación cuenta con porterías de metal sin redes, destacando una de ellas por disponer de una valla alta trasera que facilita la recuperación del balón en sesiones de tiro casuales. El terreno de juego está delimitado por bordillos de ladrillo que marcan la transición entre la tierra y el césped circundante, aunque la segunda portería carece de protección perimetral. Es un espacio funcional para el juego informal, pero desprovisto de mobiliario para sentarse o descansar en las inmediaciones.",2,0,0,2,6.11805387068603,50.7782818645476
30,baloncesto_breslauer,Baloncesto,"Instalación de baloncesto de una sola canasta situada sobre un terreno delimitado de tierra y grava. El equipamiento presenta una estética urbana con la clásica red metálica, siendo funcional para el juego individual o informal. Sin embargo, el campo es de dimensiones reducidas y carece de protecciones o vallas traseras para detener el balón, así como de mobiliario cercano para sentarse o descansar. Un punto de juego básico y compacto integrado en un entorno sencillo.",1,0,0,2,6.11736171505985,50.7779269488806
